{
  "project_info": {
    "project_number": "380024146989",
    "firebase_url": "https://leoapp-stat.firebaseio.com",
    "project_id": "leoapp-stat",
    "storage_bucket": "leoapp-stat.appspot.com"
  },
  "client": [
    {
      "client_info": {
        "mobilesdk_app_id": "1:380024146989:android:b115cf00153722fa",
        "android_client_info": {
          "package_name": "de.slgdev.leoapp"
        }
      },
      "oauth_client": [
        {
          "client_id": "380024146989-u9htshminfmqd60assmpnp92n626ga8k.apps.googleusercontent.com",
          "client_type": 3
        }
      ],
      "api_key": [
        {
          "current_key": "AIzaSyABEHtGM4mkR2TpRwdYqLpuIXOMTqc_YJ4"
        }
      ],
      "services": {
        "analytics_service": {
          "status": 1
        },
        "appinvite_service": {
          "status": 1,
          "other_platform_oauth_client": []
        },
        "ads_service": {
          "status": 2
        }
      }
    }
  ],
  "configuration_version": "1"
}